"Index","X1","X2","X3","X4","X5","KM1","best.bm","best-worst"
2006-01-06 09:00:00,NA,NA,NA,NA,NA,NA,NA,NA
2006-01-13 09:00:00,0,0,0,0,0,0.00661886376172083,-0.00661886376172083,-0.003
2006-01-20 09:00:00,-0.124118635789853,-0.0790916787911103,-0.0654328569532886,-0.0581225603307026,-0.0789336178198472,-0.0663013698630137,-0.0578172659268396,-0.050285017970006
2006-01-27 09:00:00,0.0914378638113451,0.0319361970911793,0.0270712614570461,0.0466250627019241,0.021822093553276,0.044600938967136,0.0468369248442091,0.0642157702580691
2006-02-03 09:00:00,-0.0315265983837424,-0.061666018937016,-0.0157661776125401,-0.0488737622338434,-0.0864002318465361,-0.0345505617977528,0.00302396341401041,0.0500736334627937
2006-02-10 09:00:00,0.0458173406759904,-0.00383710764456068,-0.00050734206472942,0.00783486782506041,-0.00337834146082715,0.00669188245562991,0.0391254582203605,0.0437956821368176
2006-02-17 09:00:00,0.00507857833906489,0.00636364259612312,-0.013301471707768,-0.00518848308126483,0.00214603280730017,-0.000867052023121428,0.00594563036218632,-0.00186745446823528
2006-02-24 09:00:00,0.0582169258536656,0.0445171499436492,0.0372076176499125,0.0162884622618824,0.0245943195124663,0.0228521839745446,0.035364741879121,0.0282226063411993
2006-03-03 09:00:00,-0.0263829143366464,-0.0392289714232495,-0.0199973701435017,-0.0210493230478488,-0.0494665988070899,-0.0313914027149322,0.00500848837828581,0.0179836844704434
2006-03-10 09:00:00,-0.00798856697786214,-0.00726124473249355,-0.00766854128737853,0.0132358009168837,0.0038295086179153,-0.00700729927007293,-0.000981267707789212,-0.0163180755957774
2006-03-17 09:00:00,0.0241616349260797,0.00293330970133609,0.0245733397808286,-0.00484948957833625,0.00207259190802315,0.0220523375477801,0.00210929737829958,0.0169890430180566
2006-03-24 09:00:00,-0.00361547487814754,-0.0115142145082841,-0.011756570059781,-0.0218154936003778,-0.021560385301929,-0.0146720368239356,0.011056561945788,0.0128449104237815
2006-03-31 09:00:00,0.0306750833926536,0.0274618915423589,0.0336051683611289,0.0281421567005449,0.0234134083009474,0.0324087591240876,-0.001733675731434,0.00246167509170615
2006-04-07 09:00:00,0.038131405289368,0.0329653221167184,0.0190551922502908,0.0523380522716383,0.035108191156134,0.0350678733031673,0.00306353198620074,-0.00177678586676601
2006-04-14 09:00:00,0.0205903881347783,0.0168162794695186,-0.00585059219528031,0.0408504530331257,0.0245291090299979,0.019945355191257,0.000645032943521372,-0.00933872089521957
2006-04-21 09:00:00,0.0100908308577261,-0.00955872882235539,0.0140725346881614,0.0472019736594055,0.0117236369084435,0.0136619341012589,-0.00357110324353281,-0.00643280605071739
2006-04-28 09:00:00,-0.0181897370635925,-0.0167057332541371,-0.018519435655594,-0.0354815141246027,-0.0330096443908368,-0.0251057082452432,0.00691597118165067,0.0103199073272443
2006-05-04 09:00:00,0.0292122364892288,0.0176466283506693,0.0410488430807446,0.0227171550912158,-0.00284461626120214,0.0154513418270534,0.0137608946621753,0.0272568527504309
2006-05-12 09:00:00,0.0268859361695206,-0.0106081983422887,-0.000224621619913877,-0.0209567317879932,0.000288411856517192,-0.00293646556326754,0.0298224017327881,0.0214975243130034
2006-05-19 09:00:00,-0.0586958008592905,-0.0635063184000485,-0.08030870270322,-0.0626703090093641,-0.0632527323347737,-0.0495314591700133,-0.00916434168927719,-0.00144306852451683
2006-05-26 09:00:00,-0.0337983029084759,-0.0227474220709053,-0.0442718486821458,-0.0439027245872358,-0.0169077470641435,-0.0315492957746478,-0.00224900713382807,-0.0216905558443324
2006-06-02 09:00:00,-0.00276293561630973,-0.00577191929595649,-0.0136871737853873,-0.020631929236904,0.00575445327375774,-0.0110529377545084,0.00829000213819871,-0.0130173888900675
2006-06-09 09:00:00,-0.0388753295764197,-0.0303965910419433,-0.0720075566407031,-0.0558186737600363,-0.0534242546853479,-0.0561764705882354,0.0173011410118157,0.00914892510892818
2006-06-16 09:00:00,0.0571636798144673,0.0204563512089131,0.0672044366590414,-0.0128819185209341,0.0370192263088559,0.0205671548769089,0.0365965249375585,0.0153444535056115
2006-06-23 09:00:00,-0.0275450916953358,-0.0594645062345038,-0.0147920234381876,-0.0306044259694027,-0.0325362925710456,-0.0305343511450382,0.00298925944970239,-0.000108799124290245
2006-06-30 09:00:00,0.0902684940326851,0.038732135782069,0.0393918914834916,0.0451305356531897,0.0697885612227892,0.0541732283464567,0.0360952656862284,0.0156799328098959
2006-07-07 09:00:00,-0.0288677001859153,-0.0101184711289336,-0.0176516777367591,-0.00383524091953098,-0.0237363761998288,-0.0116522258739169,-0.0172154743119984,-0.0105313239860865
2006-07-14 09:00:00,-0.0187755652440411,-0.00352362371776551,-0.0145977028231996,-0.0118625272594981,-0.026986677202601,-0.026602176541717,0.00782661129767593,0.00401111195855987
2006-07-21 09:00:00,0.0169744966969681,0.00726719809114962,0.0292764036788146,0.0198929794898756,-0.0130034773749992,0.0248447204968945,-0.00787022379992638,0.0251779740719673
2006-07-28 09:00:00,0.0183451661280293,0.0156590597130645,0.0310250369547999,0.0191231749869404,0.0134902868916381,0.0260606060606061,-0.00771543993257684,0.000354879236391207
2006-08-04 09:00:00,0.0138545642955719,0.00322104697372766,0.0166383243608973,0.0231483207955369,-0.0169068256347319,0.00443000590667464,0.00942455838889731,0.0250613899303039
2006-08-11 09:00:00,-0.0136585988653956,0.00642532155789929,-0.0178939905272329,-0.0139260771313839,-0.0265567606442985,-0.00970302852102323,-0.00395557034437237,0.00839816177890286
2006-08-18 09:00:00,0.033940582332876,0.0167357772215702,0.0239864115620216,0.0107494135174894,0.0210501356072418,0.0347387173396674,-0.000798135006791378,0.00779044672563425
2006-08-25 09:00:00,0.0105065929489824,-0.0140053131289503,-0.00541363583838825,0.00254817917875969,-0.00262318635620832,-0.0022955523672884,0.0128021453162708,0.00832977930519074
2006-09-01 09:00:00,0.017995851868973,0.0184587875601797,0.0116412995952639,0.011822813394118,0.0211994358484212,0.0146678170836929,0.00332803478528011,-0.0083035839794482
2006-09-08 09:00:00,-0.00496549977228582,0.0170282988607709,0.0106939246120932,-0.00774037086918413,-0.0177193608720321,0.000566893424036152,-0.00553239319632197,0.00735386109974632
2006-09-15 09:00:00,0.0209864390684983,0.00698753746661744,-0.00883330551013707,5.80016085981697e-05,0.00132875409438331,0.00793201133144472,0.0130544277370536,0.014557684974115
2006-09-22 09:00:00,-0.00539189747905937,-0.0137266422190049,-0.0375277855334332,0.00462659151120445,-0.0364710977607072,-0.00899381675098365,0.00360191927192428,0.0256792002816479
2006-09-29 09:00:00,0.0305376052994531,0.00970182192132927,0.0165515279698012,0.0160655225885293,0.0063406851554617,0.0158820192853091,0.014655586014144,0.0193969201439914
2006-10-04 09:00:00,-0.0133455245288245,-0.0167574315899006,-0.023855941665648,-0.0133336762131882,-0.00983155427924885,-0.0111669458403126,-0.00217857868851183,-0.00831397024957561
2006-10-13 09:00:00,-0.0118732672539285,-0.00994264565270654,-0.0120116447275353,-0.0143627238503809,0.00549173793804312,0.000564652738565652,-0.0124379199924941,-0.0215650051919716
2006-10-20 09:00:00,0.0139752634802477,0.0115164156551605,0.0194330325123397,0.0179506670622724,0.0114787756809545,0.00818284424379234,0.00579241923645532,-0.00230351220070683
2006-10-27 09:00:00,-0.00569866807625808,0.0214474384371863,-0.0125747394941084,-0.00673651525720816,0.0172524787674967,0.00335852225020994,-0.00905719032646802,-0.0271511468437547
2006-11-03 09:00:00,0.00499919601212148,0.0150344303255589,0.0194602047734896,0.00650489799938335,0.0259666955810315,0.00585774058577404,-0.000858544573652562,-0.02636749956891
2006-11-10 09:00:00,0.00952898415278068,-0.0170508060056588,-0.00638693661643097,0.00479058814409241,0.00484343324392819,0.00859678313921242,0.000932201013568269,-0.000114449091147503
2006-11-17 09:00:00,0.00689874175775862,0.0142454795483612,0.00599527805877781,0.0121872972280911,-0.0100832752155672,0.0107231234533958,-0.00382438169563715,0.0121820169733258
2006-11-24 09:00:00,-0.00437459154402578,0.0144392145053677,0.0140004427909777,0.00131543518998156,-0.00720691758724012,0.00462459194776921,-0.00899918349179499,-0.00196767395678566
2006-12-01 09:00:00,0.0292105462034224,0.0075296293353971,-0.00664540269382615,0.00612286703619613,0.013489002282066,0.00460330354725147,0.0246072426561709,0.0109215439213564
2006-12-08 09:00:00,-0.0171752470414656,-0.0542331362785894,-0.0317388272795374,-0.0533388188133903,-0.00649911845604499,-0.032345013477089,0.0151697664356234,-0.0148761285854206
2006-12-15 09:00:00,0.0332030101349555,0.0356241256866213,0.0227413151695869,0.0167499155632693,0.00380425514320908,0.0222841225626742,0.0109188875722813,0.0239987549917464
2006-12-22 09:00:00,0.0105349958024137,0.0335577630170582,0.00330456555206745,0.0169849365559316,-0.009313455557465,0.0152588555858311,-0.00472385978341736,0.0150484513598787
2006-12-28 09:00:00,0.000188971246570415,-0.0136152682814626,-0.00297144604524488,0.00273559712844542,-0.0199557416256326,0.00268384326355342,-0.00249487201698301,0.014744712872203
2007-01-05 09:00:00,-0.0189268731967618,-0.0420394201213571,-0.0315800614025605,-0.0390576501643584,-0.0331785797404027,-0.0388115631691649,0.0198846899724031,0.00945170654364093
2007-01-12 09:00:00,-0.00250222860379115,-0.00875778377550141,0.00357654676228844,0.00315161664378498,-0.0221924068212861,0.00250626566416035,-0.0050084942679515,0.0139901782174949
2007-01-19 09:00:00,-0.0116277251718094,-0.0151894395645137,-0.0240389923956122,-0.0202479503765539,-0.0507332692743627,-0.0225000000000001,0.0108722748281907,0.0334055441025533
2007-01-26 09:00:00,0.0122667061771976,0.00747945851222351,-0.0067118151866765,0.00791495473867337,0.00668130856744426,0.0119352088661553,0.000331497311042296,0.00138539760975333
2007-02-02 09:00:00,0.0277467586930732,0.0350831459553252,0.036214420406117,0.0215071804887228,0.0141115156971666,0.0306093793878124,-0.00286262069473921,0.00853524299590662
2007-02-09 09:00:00,0.0164758190259554,0.0135348229480512,0.0105483607475625,0.00892266620143184,0.0142684917542184,0.00926430517711174,0.00721151384884369,-0.00259267272826296
2007-02-16 09:00:00,0.0104187095479408,0.0269767604419815,0.00221299993160045,0.0187336146141808,0.0134659983669335,0.0167386609071276,-0.00631995135918685,-0.00844728881899275
2007-02-23 09:00:00,0.013577327253445,0.0222817159936757,0.020148827955038,-0.00498689664209837,0.0119863253326983,0.0106213489113118,0.00295597834213318,-0.00320899807925331
2007-03-02 09:00:00,-0.0188419742653952,-0.0401548848734489,-0.0352854109464054,-0.0465247708130985,-0.0515369297059873,-0.0399369416710459,0.0210949674056507,0.0281949554405921
2007-03-09 09:00:00,-0.00208564918860918,0.0147479656792827,-0.00837931644234014,-0.0093506135705981,0.00456469335140667,0.0114942528735633,-0.0135799020621725,-0.0111503425400159
2007-03-16 09:00:00,0.005666443219981,-0.0151262480702043,-0.00454744272711525,-0.00622959918059674,0.00198115260945628,0.00189393939393945,0.00377250382604155,-0.000214709389475283
2007-03-23 09:00:00,0.00450381741396259,0.0298435062416699,0.0269472286568351,0.00915355275770476,0.0116938070516453,0.0186335403726707,-0.0141297229587081,-0.0119899896376827
2007-03-30 09:00:00,0.0109101248999828,0.00378626498509208,-0.000843970562906336,0.0136044920729879,0.00720602754585116,0.000530222693531313,0.0103799022064515,-0.00109590264586836
2007-04-06 09:00:00,0.0381891927954708,0.000463192539032577,0.0168594615127804,0.0177335102759295,0.022683434600636,0.0235824059353471,0.0146067868601237,0.0107057581948347
2007-04-13 09:00:00,0.0213415476121155,0.0266864035450815,0.0155930366649313,0.016179215652089,0.0324965297563906,0.0209681594615583,0.000373388150557208,-0.0153549821442751
2007-04-20 09:00:00,0.0110959012056256,0.0328710988799618,0.0188702783422967,0.0270744313995043,0.0193286357452795,0.00735294117647078,0.00374296002915484,-0.0130327345396538
2007-04-27 09:00:00,-0.00827803976567832,0.00399068582420354,-0.000389559919385772,0.00870278490966949,0.00908429379769064,0.00402718348854769,-0.012305223254226,-0.022162333563369
2007-05-04 09:00:00,0.041994768352421,0.00708054085740732,-0.0010735224666127,0.00310681495189463,0.0373625686385935,0.015793431937829,0.026201336414592,0.000132199713827499
2007-05-11 09:00:00,0.0285353556275207,0.0178390972117163,0.0148610871796881,0.0283993968211599,0.013150917177668,0.0212240868706812,0.00731126875683943,0.0105844384498527
2007-05-18 09:00:00,0.0242161354202269,-0.0218926101282467,0.00813789577446552,0.0326964999286477,-0.00104516688225128,0.00289995166747214,0.0213161837527548,0.0198613023024782
2007-05-25 09:00:00,0.0321511595850721,0.0113043087147691,0.0369143834319113,0.027553810202066,0.0303245022571327,0.0163855421686747,0.0157656174163973,-0.00357334267206068
2007-06-01 09:00:00,0.0467250181747574,0.0477884300489105,0.0313137002883277,0.0429015032941786,0.0669843053475083,0.0379326695116169,0.00879234866314051,-0.0250592871727509
2007-06-08 09:00:00,-0.0431224099276878,0.00391428418461421,-0.0155300708817898,0.0197322266830052,-0.0204943133972072,0.00182731841023309,-0.0449497283379209,-0.0274280965304806
2007-06-15 09:00:00,0.0543717394563982,0.0284816594873186,0.0127261600211669,0.000352597552263846,0.0264637708433546,0.0300957592339262,0.024275980222472,0.0228079686130436
2007-06-22 09:00:00,0.00181401200147597,-0.0135361916148598,-0.0229764886458072,0.0120186856625278,0.00735302028962345,0,0.00181401200147597,-0.0100390082881475
2007-06-29 09:00:00,-0.0234906126836311,-0.00838641290705569,-0.0113541602105043,-0.0106794263234941,-0.0295928694653129,-0.018149623727313,-0.00534098895631814,0.00100225678168173
2007-07-06 09:00:00,0.0866541955010745,0.0307506778256038,0.0809954138069742,0.0462658003946814,0.0727896968439693,0.074165915238954,0.0124882802621205,0.00846449865710515
2007-07-13 09:00:00,0.0112222564802286,0.0558820843600371,0.0472158924457001,0.0541250094557281,0.0360078856401987,0.0604407135362015,-0.0492184570559729,-0.0289856291599701
2007-07-20 09:00:00,0.0427103213416732,-0.0110849215008745,0.0128865482161905,-0.000177600411508436,0.00476511882673003,-0.000395804472590466,0.0431061258142636,0.0331452025149431
2007-07-27 09:00:00,-0.0400060209983073,-0.0405096714033038,-0.0658904848155443,-0.0466416329807345,-0.0741786849474872,-0.0582062957830133,0.018200274784706,0.0293726639491799
2007-08-03 09:00:00,-0.00177878037704026,0.013426587667437,-0.000842637497760444,-0.0162080329016116,-0.0221718841353206,-0.0077780113516922,0.00599923097465195,0.0155931037582804
2007-08-10 09:00:00,-0.0484164763243472,-0.0214240988684137,-0.0488460049668798,-0.0124307582496007,-0.0364873090827411,-0.0254237288135594,-0.0229927475107878,-0.0158291672416061
2007-08-17 09:00:00,-0.137818540176505,-0.102697196170038,-0.111404713127418,-0.085422087879446,-0.1037478887919,-0.0978260869565217,-0.0399924532199836,-0.0394706513846058
2007-08-24 09:00:00,0.148271472028055,0.131009872564888,0.085172946915172,0.0693139687081838,0.0780571543899448,0.0956626506024096,0.0526088214256454,0.0651143176381103
2007-08-31 09:00:00,0.0326382138949596,0.0584888736774698,0.0538553864063488,0.0250922411016994,0.0532358735021915,0.051242577523642,-0.0186043636286824,-0.0247976596072318
2007-09-07 09:00:00,0.0538370227410661,0.0119141747859115,0.00501136116875022,0.0141979453509529,-0.0153854905217289,-0.000209205020920589,0.0540462277619867,0.064122513262795
2007-09-14 09:00:00,-0.010640016536065,0.0156162784387334,-0.0147576181097064,-0.00364833698227544,0.00493703793534051,-0.00397572713956895,-0.006664289396496,-0.0203770544714055
2007-09-21 09:00:00,0.0675429075760847,0.0256628051554999,0.0358848918582043,-0.00800948839475425,0.0220873735032618,0.0327731092436976,0.0347697983323872,0.0394555340728229
2007-09-28 09:00:00,-0.01948500307419,0.00596771882394834,0.0166450384784582,0.00283996107570747,0.0302422548328166,0.0154597233523188,-0.0349447264265089,-0.0545272579070067
2007-10-05 09:00:00,0.056749605521621,0.0570648682469137,0.02005065336158,0.0200570670672443,0.0173882204712899,0.0310496794871795,0.0256999260344415,0.0345613850503311
2007-10-12 09:00:00,0.053360063605379,0.0252068940666177,0.0102696909115008,0.035226023119219,-0.0416993320532727,0.010685836409559,0.04267422719582,0.0902593956586517
2007-10-19 09:00:00,-0.0256108862663515,0.00326862519984495,-0.0217595613711647,-0.0110975764064691,-0.0469948632255248,-0.0442137639369474,0.0186028776705959,0.0168839769591733
2007-10-26 09:00:00,0.0775626259221375,0.0392109892137883,0.077543936759892,-0.00270802690547986,0.00288878123950673,0.0321802091713597,0.0453824167507778,0.0701738446826307
2007-11-02 09:00:00,0.00804986459601974,0.023308483605963,0.00436234354368603,-0.0319597713200797,-0.0241675532046561,-0.00876851130163692,0.0168183758976567,0.0274174178006758
2007-11-09 09:00:00,-0.0561578135659145,-0.0136640987761621,0.00598565140683573,-0.029814144176743,-0.0218300179977565,-0.00530764694318853,-0.0508501666227259,-0.039127795568158
2007-11-16 09:00:00,-0.0562580764837007,-0.0420747137320992,-0.0184296064878244,-0.0255675023034698,-0.0503075338822886,-0.0347826086956522,-0.0214754677880485,-0.0113505426014121
2007-11-23 09:00:00,-0.086951354825399,-0.0992562506961752,-0.118255511869211,-0.0495063955151307,-0.118156086730661,-0.0831285831285831,-0.0038227716968159,0.026704731905262
2007-11-30 09:00:00,0.103134986531398,0.0721099051171092,0.0562138598038122,0.0841951322645317,0.095094318728828,0.084189370254578,0.0189456162768204,0.00324066780257036
2007-12-07 09:00:00,0.0115331182173581,0.0197209068763632,0.0167737469072452,0.000906991807786985,-0.00327180231538834,0.0224510813594232,-0.0109179631420651,0.0103049205327465
2007-12-14 09:00:00,-0.0228293725260366,-0.0118212484348667,-0.0041208251662557,-0.0495236585809494,-0.026623030300314,-0.0330378726833198,0.0102085001572833,-0.00100634222572259
2007-12-21 09:00:00,0.0100259411566367,-0.017959857940494,-0.0259704865846591,0.00464191627325045,0.00173450197834467,-0.00208333333333333,0.01210927448997,0.00409143917829205
2007-12-28 09:00:00,0.00326379600066611,0.0181672594811683,-0.0119038192778472,-0.00233757450685556,0.0251210430286841,0.0102296450939456,-0.00696584909327953,-0.027557247028018
2008-01-04 09:00:00,-0.0181722436787228,-0.0055300241355575,-0.0192834325874195,-0.0457363153988205,0.000183525129613362,-0.0204587724736516,0.00228652879492881,-0.0234557688083361
2008-01-11 09:00:00,-0.0699622023083776,-0.0449080459949966,-0.0221740624163051,-0.0510884093695622,-0.066891205393115,-0.0489451476793249,-0.0210170546290527,-0.00847099691526259
2008-01-18 09:00:00,-0.027678933136177,-0.0627361059400774,-0.0151139071572476,-0.0191230691135924,-0.0807046962817872,-0.018189884649512,-0.00948904848666503,0.0482257631456102
2008-01-25 09:00:00,-0.0142168223913997,-0.0132248915317539,-0.0826268531923499,-0.0186465834244749,-0.0195390423340996,-0.0291459557162224,0.0149291333248227,0.000222219942699946
2008-02-01 09:00:00,-0.0709108182280255,-0.0183354888397232,-0.0589587930869058,-0.0331420907563931,-0.0909498349785101,-0.0218757272515708,-0.0490350909764547,0.0146390167504846
2008-02-05 09:00:00,0.0659308446205915,0.067050367303035,0.0726856059619934,0.0166025997676539,0.032657713930651,0.0364025695931478,0.0295282750274437,0.0284731306899405
2008-02-15 09:00:00,0.0225803926757539,-0.0187638656626247,-0.0111994143572426,0.0228230274378173,-0.00438758776277048,-0.0059687786960515,0.0285491713718054,0.0218679804385244
2008-02-22 09:00:00,-0.0114441967717079,0.00663817155666803,0.0226515011567172,-0.0360501693198253,-0.0224238147644612,-0.0110854503464204,-0.000358746425287514,0.00587961799275327
2008-02-29 09:00:00,0.0227775240636123,0.0146952755401379,0.0151559094330143,-0.00486836148705519,0.0289050684551232,0.0130780009341429,0.0096995231294694,-0.0115275443915109
2008-03-07 09:00:00,-0.0356541151845258,-0.0394630540680995,-0.0436694644002241,-0.0406429462412712,-0.0274758883541138,-0.0308898109727986,-0.00476430421172717,-0.012978226830412
2008-03-14 09:00:00,-0.0607797336102844,-0.0434452643725426,-0.0695499881355895,0.00453436231600138,-0.0240669262347568,-0.0199809705042816,-0.0407987631060028,-0.0412128073755276
2008-03-21 09:00:00,0.0439832766459639,0.0473078847492127,0.00380389085005723,0.00861789970807499,0.0226565856901057,0.0269417475728155,0.0170415290731483,0.0168266909558582
2008-03-28 09:00:00,0.0533879246671959,0.0278592404858485,0.0441437903625562,0.0309641983191357,0.0385874052263582,0.0356889624202315,0.0176989622469645,0.00970051944083774
2008-04-04 09:00:00,0.0639957740742407,0.0238387023458535,0.0350249378043794,0.0151582352094867,0.0598375307726659,0.0472387037882245,0.0167570702860162,-0.000641756698425225
2008-04-11 09:00:00,-0.00386454719200291,0.00456353244775281,-0.00419338499211177,-0.00299270863857606,0.0141561821547528,0.00196121159293972,-0.00582575878494262,-0.0228207293467557
2008-04-18 09:00:00,0.00618010728533276,-0.00376281941309172,-0.0043147771649089,0.00441175821999622,-0.00261456017956191,-0.00434971726837752,0.0105298245537103,0.00399466746489467
2008-04-25 09:00:00,0.0234438246615402,0.0233800215508503,0.0213246520987288,0.0225272165446319,0.0238693568467023,0.0334207077326343,-0.00997688307109403,-0.00552553218516208
2008-05-02 09:00:00,0.0024220022187153,-0.00557713640039389,0.0154987330838153,0.00662097534137016,0.0105510223147944,0.0147960262101037,-0.0123740239913884,-0.0132290200960791
2008-05-09 09:00:00,-0.0377788840587525,0.00481050154872002,-0.000753389890439281,-0.0421350205302616,-0.0493742485155658,-0.0237450531139347,-0.0140338309448178,0.00619536445681332
2008-05-16 09:00:00,0.0357119052503519,0.039389002759475,0.03273435417835,0.0186189803568836,0.0476726284739209,0.0454448474503948,-0.00973294220004287,-0.016460723223569
2008-05-23 09:00:00,-0.0233044176822792,-0.01275444938516,-0.0300984179906454,-0.0495310702230496,-0.0626957802887529,-0.0426530612244898,0.0193486435422106,0.0342913626064737
2008-05-30 09:00:00,-0.00107451541459487,0.0159552775150489,0.0148172603485254,0.00638396857757795,0.00882385840878575,0.0119377531443188,-0.0130122685589136,-0.0155983738233806
2008-06-05 09:00:00,0.00244199695768905,-0.00629089418799069,-0.0327647515356117,-0.0289717743429436,-0.0313021344515274,-0.0117969243732883,0.0142389213309773,0.0289441314092164
2008-06-13 09:00:00,-0.0471911988754638,-0.0324315963547772,-0.0549633275614792,-0.0820358945969092,-0.0470005181911211,-0.043274355148156,-0.00391684372730778,-0.0052906806843427
2008-06-20 09:00:00,-0.0209800341545514,-0.0134262161559656,-0.0254520104141492,-0.0255148754121925,-0.00799352263282192,-0.0093582887700534,-0.011621745384498,-0.0177865115217295
2008-06-27 09:00:00,-0.0268382463115986,-0.0309666779683001,-0.0354039778071224,-0.00338387276536626,-0.0388172879007215,-0.0260908681961314,-0.000747378115467177,0.00687904158912292
2008-07-04 09:00:00,-0.0907344322861199,-0.0826811911221233,-0.0453744215245738,-0.0596558917206296,-0.0551254795278606,-0.0600461893764435,-0.0306882429096764,-0.0401089527582593
2008-07-11 09:00:00,0.00804236972217588,6.10844969183301e-05,-0.0174750425231993,-0.02026425198397,0.0146568241977318,-0.0103194103194103,0.0183617800415862,-0.0117144544755559
2008-07-18 09:00:00,-0.0394301121300455,-0.0567491682194938,-0.0461455791661904,-0.0570461664868709,-0.0503649943133615,-0.032025819265144,-0.00740429286490147,0.00553488218331603
2008-07-25 09:00:00,0.0747745061144946,0.0757542286945724,0.055795396041076,0.0528501448480185,0.0939832408147703,0.0643754808925365,0.010399025221958,-0.0246087347002757
2008-08-01 09:00:00,-0.00622085715918177,-0.00984278368138784,-0.0385193410020983,-0.0326257802286028,-0.0282164188221416,-0.0240963855421686,0.0178755283829869,0.0165955616629598
2008-08-08 09:00:00,-0.0144838840206719,-0.0101620342393977,-0.00369625482524995,-0.000145916161581526,0.000594033286849018,-0.00592592592592589,-0.00855795809474598,-0.0204779173075209
2008-08-14 09:00:00,-0.0152286408126639,0.00873281578568167,0.00200817335449927,0.00742572234005351,0.00836474137485884,0.0134128166915051,-0.028641457504169,-0.0283933821875227
2008-08-22 09:00:00,-0.0432126749692808,-0.0317720659009317,-0.0580694604338282,-0.0478968052234443,-0.0864404652562105,-0.0551470588235294,0.0119343838542486,0.0381277902869297
2008-08-29 09:00:00,-0.0131403285775639,-0.00388543378260897,-0.0198099934929062,0.00415190140219829,-0.0336024280477163,-0.0189364461738003,0.00579611759623637,0.0156620994701523
2008-09-05 09:00:00,-0.0692337104988589,-0.0260638127255477,-0.0450528045560537,-0.0270244833048354,-0.0491605406979021,-0.0438921205711263,-0.0253415899277326,-0.0245731698009568
2008-09-12 09:00:00,0.0564553918644522,0.0851212723956094,0.0432082070621704,0.0347777438827297,0.0342587234732334,0.0636061946902655,-0.00715080282581332,0.0173966683912188
2008-09-19 09:00:00,-0.00117813962476477,-0.0424404760382774,-0.0301972926064542,-0.0149987201920945,-0.00362733783459512,-0.00312012480499235,0.00194198518022758,-0.00325080179016965
2008-09-26 09:00:00,0.00869439840550693,0.00426465143256621,0.0314909680709995,0.02176112595587,0.0149169760903277,0.00991131977047477,-0.00121692136496784,-0.0110225776848207
2008-10-02 09:00:00,-0.0662999829196452,-0.0404233768960195,-0.0355802265706383,-0.0491062925206973,-0.0154482862982826,-0.0475206611570247,-0.0187793217626206,-0.0556516966213626
2008-10-10 09:00:00,-0.155843679563163,-0.1534506114167,-0.131267613284178,-0.117123472618491,-0.125105497601087,-0.118492407809111,-0.0373512717540523,-0.0358381819620763
2008-10-17 09:00:00,-0.0608562992590793,-0.0187860635608927,-0.0829169654728823,-0.0313868996813263,-0.122850343582249,-0.0378345124577053,-0.023021786801374,0.0565940443231695
2008-10-24 09:00:00,-0.244422988173816,-0.189922292359092,-0.184264954909713,-0.218661182673065,-0.228892824327948,-0.197250639386189,-0.0471723487876266,-0.0206301638458675
2008-10-31 09:00:00,0.264571590960474,0.219810956530479,0.257344018284453,0.0758864412898102,0.13731837721225,0.170848267622461,0.0937233233380126,0.121853213748224
2008-11-07 09:00:00,0.0439151485411072,0.00578372396378241,0.0254506264310042,0.0392567873030585,-0.0204129496932965,0.0190476190476192,0.024867529493488,0.0592280982344036
2008-11-14 09:00:00,-0.0119535055643206,-0.111269582125126,-0.00439903224503298,-0.0702054718368975,-0.055499493124604,-0.0440587449933246,0.0321052394290041,0.0387459875602834
2008-11-21 09:00:00,-0.0434545880919502,-0.0754758931623067,-0.104046173837269,-0.0686297398894124,-0.115852333051187,-0.0837988826815642,0.040344294589614,0.0669977449592365
2008-11-28 09:00:00,0.0514645353336969,0.105535099313214,0.0832241638449626,0.0295101212709096,0.0495257060403361,0.0693597560975612,-0.0178952207638643,-0.00256117070663921
2008-12-05 09:00:00,-0.0448145464681986,-0.0136853366094019,-0.0480563805263493,-0.0486532119248251,-0.0424151349983302,-0.0470420527441199,0.00222750627592132,-0.00719941146986838
2008-12-12 09:00:00,0.0523185068520827,0.0570404122317495,0.0976823599360887,0.0548070767678698,0.0482536219800407,0.0762902019446523,-0.0239716950925696,-0.00103511512795797
2008-12-19 09:00:00,0.0951954170602486,0.0855947993279702,0.0850578603420179,0.055183027782158,0.057586585730808,0.0687977762334955,0.0263976408267531,0.0328088313294405
2008-12-26 09:00:00,-0.0822775816696085,-0.0394828675700095,-0.0713780474534277,-0.0394066493425745,-0.0899356551656856,-0.0539661898569571,-0.0283113918126514,0.00255807349607705
2009-01-02 09:00:00,0.0461227498034621,0.0498584305305416,0.0180697709076843,5.99081383532054e-05,0.0582079106021365,0.0553264604810997,-0.00920371067763759,-0.0165851607986744
2009-01-09 09:00:00,0.00201698134262716,0.0492648206484552,-0.00176872707707677,0.0200422162309896,0.0201134907893815,0.0110713122761315,-0.00905433093350429,-0.0231965094467544
2009-01-16 09:00:00,-0.0346467011909291,-0.0584310521246445,-0.0367005281421291,-0.0517325888647413,-0.0280019578422651,-0.0412238325281804,0.00657713133725132,-0.012344743348664
2009-01-23 09:00:00,-0.0229507369746476,-0.028971757050425,-0.0454692769081398,-0.0416882280145863,-0.0471803483657703,-0.044675848169298,0.0217251111946504,0.0191296113911227
2009-01-30 09:00:00,0.0865451670007764,0.086674617634649,0.0588602449044706,0.0436411003836912,0.0662766693783395,0.0668073136427567,0.0197378533580197,0.0154684976224369
2009-02-06 09:00:00,0.0439364470681217,0.0391689311575972,-0.0203306973306971,0.0693361650748474,-0.00479398929943108,0.0507580751483192,-0.00682162808019752,0.0439304363675528
2009-02-13 09:00:00,-0.00865727733417183,-0.0178062715023379,-0.00734492434909617,-0.0365832088796259,-0.0241837545072069,-0.0232120451693854,0.0145547678352135,0.011026477173035
2009-02-20 09:00:00,-0.117716407411371,-0.130251569835104,-0.123990895877198,-0.0870447994438009,-0.131702581523291,-0.116570327552986,-0.00114607985838509,0.00918617411191932
2009-02-27 09:00:00,-0.00932025457029859,0.0162761809833927,-0.00268994017530948,-0.036642853309383,-0.00802265694879974,-0.00399854598327887,-0.00532170858701972,-0.00579759762149885
2009-03-06 09:00:00,-0.0487987704116813,-0.0240045488508337,-0.0100228556842403,-0.0171606640424853,-0.014662413865449,-0.00109489051094891,-0.0477038799007323,-0.0389363565462323
2009-03-13 09:00:00,0.0746038336297489,0.104405561222854,0.0846275336985723,0.0557325804595353,0.0285547695517139,0.0807453416149069,-0.006141507985158,0.0409490640780349
2009-03-20 09:00:00,0.0451858818376998,0.0345486997134006,0.0516181908241413,0.0304183493594461,0.0412269565120537,0.0327924273157538,0.012393454521946,-0.000841074674353921
2009-03-27 09:00:00,0.0542604186606727,0.090834943245828,0.0371077947099834,0.0267259150636262,0.0821745628453234,0.0661211129296235,-0.0118606942689508,-0.0330141441846507
2009-04-03 09:00:00,0.0471279574931672,0.041598460032597,0.0109102025557405,0.0393918930882063,0.0583342046019645,0.0316241940435984,0.0155037634495688,-0.0157062471087973
2009-04-10 09:00:00,0.0342795846730228,0.0454741800373844,0.0733438059703106,0.00222520188585463,0.0253604656308334,0.0351190476190477,-0.000839462946024952,0.00501911904218932
2009-04-17 09:00:00,-0.00604679491007659,-0.0225954660606101,0.00891467673524363,-0.0208373075092973,-0.0265327269410514,-0.0120759056929269,0.00602911078285035,0.0150859320309748
2009-04-24 09:00:00,0.0143378235623,0.016914630897827,0.0107520385622933,0.0394344674375885,-0.00141875850103923,0.019208381839348,-0.00487055827704808,0.0106565820633392
2009-04-30 09:00:00,0.0161721384532001,0.010513785830398,-0.000889465060898818,0.00746220725556521,0.0083866541246438,0.00942318675042841,0.00674895170277172,0.00328548432855634
2009-05-08 09:00:00,0.0446592684306086,0.0431442488743903,0.0545676349451251,0.0430501662129008,0.0341971927788842,0.0254596888260255,0.0191995796045832,0.00536207565172443
2009-05-15 09:00:00,0.00258197725525324,-0.0162292606634455,-0.041396986019061,-0.00800409900090142,-0.0364472190705596,-0.015448275862069,0.0180302531173222,0.0348291963258128
2009-05-22 09:00:00,0.00698910501021818,0.00835166341354152,-0.0125098842126491,0.0334583020662205,0.0220273903122857,0,0.00698910501021818,-0.0201382853020675
2009-05-29 09:00:00,0.00806322148794267,0.000975506042587139,-0.0253977851689184,0.00790415719687354,-0.0159336091023838,-0.00532362006164189,0.0133868415495846,0.0194968305903265
2009-06-05 09:00:00,-0.0172487407595502,-0.00160287907239637,-0.00476288713650065,0.0118736462760955,-0.0455443589450188,-0.00225352112676058,-0.0149952196327896,0.0231956181854687
2009-06-12 09:00:00,0.0350775531800724,0.0091142114418287,0.0160786256685328,0.0240276543464981,0.019440607035407,0.0271033314511575,0.0079742217289149,0.0108369461446654
2009-06-19 09:00:00,-0.0235118309702628,-0.0381887456059068,-0.0421168122303702,-0.0461443339902435,-0.0139381251125228,-0.0349092908191314,0.0113974598488686,-0.01407370585774
2009-06-26 09:00:00,0.00660999738819526,0.0187479641261356,-0.00605002067405933,0.00601857740428538,-0.00208521337703621,0.023070350327542,-0.0164603529393468,0.00389521076523146
2009-07-03 09:00:00,0.026983483824716,0.0109439405255879,0.0120132706106208,0.0404709121901542,0.00616127396582744,0.0172605790645879,0.00972290476012807,0.0157222098588885
2009-07-10 09:00:00,-0.00450649496122154,0.00214506548864347,-0.0176124679273318,-0.0152343845577533,-0.0116880069498246,0.00711548987411059,-0.0116219848353321,0.00268151198860311
2009-07-17 09:00:00,-0.00573415689451015,0.0198713701532026,-0.00615697376515589,0.0144632646040777,-0.000750251450398785,0.0179347826086957,-0.0236689395032059,-0.0100839054441114
2009-07-24 09:00:00,0.030745781268308,0.058384640778229,0.058043349505594,0.0431621609536647,0.0255515929464296,0.0461825947677521,-0.0154368134994441,-0.000205811678121525
2009-07-31 09:00:00,0.0430172843641153,0.0411363287522267,0.0426250399490606,0.0175547708839072,0.0413891808144932,0.0369992344985965,0.00601804986551877,-0.00317189645037786
2009-08-07 09:00:00,0.00756276965435084,0.0121896051825435,0.00252902400482981,0.0240959691492229,0.0044569986492541,0.00984251968503935,-0.00227975003068851,-0.00199422899490325
2009-08-14 09:00:00,0.00986736196961995,0.0254446257082705,0.00568204683778959,0.00108981402100317,0.0185488608748069,0.00877192982456143,0.00109543214505852,-0.014081498905187
2009-08-21 09:00:00,-0.0163197442242782,-0.0393645775145871,-0.011669561134054,0.0183301470495881,-0.00970389711421162,-0.0043478260869565,-0.0119719181373217,-0.0120158471100666
2009-08-28 09:00:00,0.043577650690757,0.0216970695860344,0.0155942645088117,0.00456479701531755,0.0136184559755961,0.0131004366812228,0.0304772140095342,0.0245591947151609
2009-09-04 09:00:00,0.00443688809250129,-0.0055884911515258,-0.031443431282701,0.0145953204747708,0.00253349097592034,0.00670498084291182,-0.00226809275041053,-0.00319660288341905
2009-09-11 09:00:00,0.00885201354751395,0.0323903362025494,0.0422421169029898,0.0182544296563902,0.0296799124534348,0.0285442435775451,-0.0196922300300312,-0.0259278989059208
2009-09-18 09:00:00,0.0176750269141615,0.0528403910191769,0.0209817467872663,0.0250482613788494,0.0333947809983742,0.0275208140610546,-0.00984578714689306,-0.0205197540842127
2009-09-25 09:00:00,-0.0136116162297383,0.0185314756732088,0.00990271902849538,-0.015530509553541,0.00306985783708586,-0.00292595093405357,-0.0106856652956847,-0.0214814740668242
2009-10-01 09:00:00,-0.0457867721702592,-0.0343152174374008,-0.0184992501335632,-0.0426209686353525,-0.0395968776389959,-0.0259593679458239,-0.0198274042244353,-0.0106898945312633
2009-10-09 09:00:00,0.0195129676922624,-0.00108737490935722,0.00153820257514048,-0.00078988937269908,-0.0123388263598143,0.00393974507531869,0.0155732226169437,0.0261517940520767
2009-10-16 09:00:00,0.0118465224865655,-0.00494423862914135,-0.00852223321818918,-0.0101443941480192,-0.0349772967347521,-0.0036934441366574,0.0155399666232229,0.0411238192213177
2009-10-23 09:00:00,-0.00896639336955054,-0.00923819310206431,-0.0021380685911467,0.0107626879005007,0.00422068047554364,-0.00278035217794259,-0.00618604119160795,-0.0179870738450942
2009-10-30 09:00:00,-0.0162117885842653,-0.0417032992887042,-0.0490813082228174,-0.0481496126784864,-0.0443282595623948,-0.045539033457249,0.0293272448729837,0.0233164709781295
2009-11-06 09:00:00,-0.0037069354935083,0.0170499981638875,-0.0195489602508421,0.00122543962847184,-0.00620210644674045,0.00438169425511203,-0.00808862974862033,-0.00230482904676785
2009-11-13 09:00:00,-0.00511852342933616,0.00900969752973411,-0.00208940488438088,-0.0211403984893384,0.0243260046203046,-0.000727096461463961,-0.0043914269678722,-0.0342445280496407
2009-11-20 09:00:00,0.053264246995267,0.0180019918887724,0.0349249132118063,0.0318137790935643,0.0317104293889655,0.0390492359932086,0.0142150110020584,0.0173538176063016
2009-11-27 09:00:00,-0.0869083366462702,-0.0563378329529085,-0.0697840990711969,-0.0773405316155699,-0.0676201623356736,-0.0588235294117647,-0.0280848072345055,-0.0240881743105966
2009-12-04 09:00:00,0.0705337830107179,0.0646498494092432,0.0518353555456454,0.0564132350491359,0.0877235343460582,0.0654761904761905,0.00505759253452741,-0.0216897513353404
2009-12-11 09:00:00,0.0260997828101142,0.0218688956120706,0.00661386287916575,0.0122971419314415,0.00280311375445529,0.0109404096834265,0.0151593731266878,0.0178966690556589
2009-12-18 09:00:00,-0.0242264062513625,-0.0197651107377951,0.00229818379955854,-0.0276758713954733,-0.00576605890221226,-0.0110522680174995,-0.013174138233863,-0.0229603473491503
2009-12-24 09:00:00,0.0219170305989291,0.033136016370187,0.0141266177649419,0.0174229443219753,0.0219576095743848,0.029569266589057,-0.00765223599012789,-0.00424057897545572
2009-12-30 09:00:00,-0.00857456273216156,0.00660412184761229,-0.00133886556326962,-0.00617070827296579,-0.00151705883962737,0.00633197648123018,-0.0149065392133917,-0.0121575038925342
2010-01-08 09:00:00,-0.00269887477029462,-0.0157466172042527,-0.0140926697898733,0.0264473880732216,-0.00610820725134109,0.00157303370786521,-0.00427190847815983,-0.00199066751895353
2010-01-15 09:00:00,-0.00248325650465734,-0.00349165203583456,-0.0137890267871413,-0.00588654534025326,0.000839114644892803,0.000673098496746682,-0.00315635500140402,-0.00782237114955014
2010-01-22 09:00:00,0.0158119448722877,-0.00921319588422981,-0.0130986663205131,-0.0207336087535068,-0.0108016000654919,-0.0121076233183856,0.0279195681906732,0.0212135449377795
2010-01-29 09:00:00,-0.0514335358489749,-0.0626475561030489,-0.0488207233314958,-0.0409015942261776,-0.0351120042283467,-0.0494779845665002,-0.00195555128247467,-0.0202215316206282
2010-02-05 09:00:00,-0.0195762179109757,-0.0410571117277662,-0.0203107928379897,-0.0314448513140841,-0.0212324024433437,-0.0231614135625596,0.00358519565158391,-0.002843815467632
2010-02-12 09:00:00,0.0268086847369509,-0.0116187897513769,0.0231907611618498,-0.00425803651539378,0.0427691124305077,0.0144219017355169,0.0123867830014339,-0.0204604276935568
2010-02-19 09:00:00,-0.0022909643759841,-0.0201721711944069,0.010835585132152,-0.00382743406994081,-0.00329810696205377,0.0072289156626506,-0.00951988003863471,-0.00379285741393034
2010-02-26 09:00:00,0.00789756509951021,0.00392685701866285,-0.00300277379099676,-0.0117546827373276,0.00246850449351209,-0.00598086124401909,0.0138784263435293,0.000629060605998114
2010-03-05 09:00:00,0.0318748832705083,0.0371393349237142,0.0309625656051139,0.0069728777944071,0.0182038310368549,0.0339350180505416,-0.00206013478003322,0.0082710522336534
2010-03-12 09:00:00,0.0264759055263733,0.038735399348628,0.0124184756003282,0.00773455781761544,-0.0031610464272892,0.0165270018621972,0.00994890366417603,0.0248369519536625
2010-03-19 09:00:00,0.0295849366655784,-0.000583763938301327,-0.00811017193022965,0.0259827312004475,0.00702624207212718,0.0137394092054042,0.0158455274601742,0.0177586945934512
2010-03-26 09:00:00,0.0107893791522091,-0.00522021134144318,0.00153831214438386,0.00577612608201684,0.0160464220702412,0.00361418567878924,0.00717519347341985,-0.0106570429180321
2010-04-02 09:00:00,0.0131612703949147,0.0172668347698178,0.00360621139482051,0.0141562885701185,0.00170439856775105,0.0220571685797886,-0.0088958981848739,0.00665687182716362
2010-04-09 09:00:00,0.00922534790030217,-0.0136462068634026,-0.00124430144315232,-0.00582980472803175,-0.00354399557435961,-0.000220215811495339,0.00944556371179751,0.00766934347466179
2010-04-16 09:00:00,-0.0093913188724218,0.0168648632213441,0.018039904059678,0.0125581078335987,0.00662706797580158,0.00484581497797354,-0.0142371338503953,-0.0214183868482234
2010-04-23 09:00:00,-0.00356346711235454,0.00562868196822233,0.0111697200624189,-0.0330370090365836,0.0175252423487218,-0.00109601052170105,-0.00246745659065349,-0.0252887094610764
2010-04-30 09:00:00,-0.0138212456606907,0.00303218398228656,-0.00121026772947613,0.0120017929461293,0.00529873541215913,0.00416940969936364,-0.0179906553600543,-0.0242199810728498
2010-05-07 09:00:00,-0.0674150039303926,-0.0379393841328735,-0.0687083601479762,-0.0592935125030292,-0.0550400866114064,-0.0609702797202798,-0.0064447242101128,-0.0174749173189862
2010-05-14 09:00:00,0.0403254029876152,0.0480137350732801,0.0215251368082881,0.0180438430875217,0.0151048453219075,0.026064696299744,0.0142607066878712,0.0204205576657077
2010-05-20 09:00:00,-0.0574297402096016,-0.048009947386248,-0.0615754014323271,-0.0650888924768502,-0.0568161315980728,-0.0533000680426401,-0.00412967216696151,-0.00511360861152876
2010-05-28 09:00:00,0.0288852661209183,0.0314170875180945,0.0192222074771182,-0.00111286991168805,0.0036773073318544,0.0129372304743651,0.0159480356465532,0.0198079587890639
2010-06-04 09:00:00,0.0359617626423138,0.0256598239982032,0.030313165624174,0.029084367957781,0.0306235357056589,0.0335856196783348,0.00237614296397892,0.000838226936654893
2010-06-11 09:00:00,0.0116332008532312,-0.00308931529670812,0.00151746495193199,0.0143663660589583,-0.0103331303395339,0.00594965675057213,0.0056835441026591,0.0171663311927651
2010-06-18 09:00:00,0.0210934424270877,0.0301902035710028,0.0132727688897552,0.0135456516372832,0.0294967094014456,0.0238853503184713,-0.00279190789138359,-0.0135032669743579
2010-06-25 09:00:00,-0.000940561577481368,0.0389347572259084,-0.00280559732192034,-0.00234069551467658,0.00591152427007851,0.00644301266385239,-0.00738357424133376,-0.0113520858475599
2010-07-02 09:00:00,-0.0441988929701293,-0.0347676833027192,-0.0160030467767551,-0.0333055917453382,-0.0380201181452433,-0.0403973509933775,-0.0038015419767518,-0.010678774824886
2010-07-09 09:00:00,0.0425675665699049,0.0374038237733241,0.0296449239190671,-0.00169004793201993,0.0217681286462195,0.036576949620428,0.00599061694947687,0.0162994379236854
2010-07-16 09:00:00,-0.000207129657687198,0.0200568625833575,0.00189892447368098,0.0158134345911912,-0.00725935089997608,0.00776742121615626,-0.00797455087384345,0.00105222124228888
2010-07-23 09:00:00,0.00876083988944654,0.00471232722479842,-0.00285359790230297,0.0169203609981034,0.00464341784199812,0.0134331645012111,-0.00467232461176459,-0.00128257795255158
2010-07-30 09:00:00,-0.00729374739138618,0.000724892082632435,-0.00511356256807897,0.00589588341370255,0.00473146109301077,0.000434593654932591,-0.00772834104631877,-0.016525208484397
2010-08-06 09:00:00,-6.504165610297e-05,0.0303342058873269,0.0198498157936223,0.0128886451726758,0.033381477718924,0.0136837532580365,-0.0137487949141395,-0.038246519375027
2010-08-13 09:00:00,-0.0184851955654426,-0.0248213209668284,-0.00764259455028225,-0.0131739362694403,-0.0184342378138512,-0.0287122348403684,0.0102270392749259,-0.00455095775159139
2010-08-20 09:00:00,0.0104478314308732,0.0333032620472532,0.00480455354494676,0.0210016004626103,0.0147819337400149,0.0218398411647915,-0.0113920097339183,-0.00913410230914168
2010-08-27 09:00:00,-0.0237051181528061,-0.0159816048612609,-0.0237438392815394,-0.016569123700956,-0.0349045137832605,-0.0278497409326425,0.00414462277983637,0.00579939563045435
2010-09-03 09:00:00,0.0338483421821923,0.0198124150207652,0.015969101619785,0.0299626517513421,0.0340997720549742,0.0264268265600711,0.0074215156221212,-0.00565142987278184
2010-09-10 09:00:00,0.00833020878722025,0.0171962619968357,0.0168672461220042,0.00262061114618433,0.00218721470298372,0.0205538727823453,-0.0122236639951251,0.00104299408423653
2010-09-17 09:00:00,-0.00490356618478863,0.0148124153374436,0.0123320932870268,0.00536858757247097,0.00804665905958427,0.0101759592961628,-0.0150795254809514,-0.0171502252443729
2010-09-24 09:00:00,0.00808665161397785,0.0202984733395538,-0.000279086362058088,0.0219698833837913,0.0206727941801956,0.00965372507869899,-0.00156707346472115,-0.0167861425662177
2010-10-01 09:00:00,0.0261332625361528,-0.00395721667337848,0.0479370009074436,0.00934197744509505,-0.00669576956773441,0.0199542714612346,0.00617899107491816,0.0277290321038872
2010-10-08 09:00:00,0.00275723216917154,-0.00545677946686638,0.0180158687219195,0.0125651630286908,0.0135241477186651,0.0101895251681272,-0.00743229299895567,-0.0152669155494936
2010-10-15 09:00:00,0.00143881629372634,0.00100771319488601,0.00937757436202962,0.00603808794647981,-0.00875610945551304,0.000201734920314722,0.00123708137341162,0.00479492574923938
2010-10-22 09:00:00,-0.00645627516717804,-0.0217943719398227,-0.0189590933417451,0.00293597027999533,0.00482567199388985,-0.0074626865671642,0.00100641139998616,-0.0157819471610679
2010-10-29 09:00:00,-0.0162145916835251,-0.00949022896372579,-0.0133030621218347,0.0178034016787472,-0.0197772423946581,-0.0158504369030685,-0.00036415478045658,-0.00183734928886705
2010-11-05 09:00:00,0.0425560230181438,0.0366445868655608,0.0447718428270726,0.0174646897324223,0.0365220862227435,0.0392318810654553,0.00332414195268851,0.0015339367954003
2010-11-12 09:00:00,-0.0195317744960131,0.0112867300892839,-0.0274866087422651,-0.024466834478456,-0.0130877180694592,-0.00933836677925692,-0.0101934077167562,-0.010944056426554
2010-11-19 09:00:00,-0.00172748779652058,0.0268441417171157,-0.022170021846735,0.00609032710646549,0.0245883594854485,0.0160449257922182,-0.0177724135887387,-0.030815847281969
2010-11-26 09:00:00,-0.00364965118091961,-0.0123363097312888,-0.0262284710362193,-0.0399277362855501,-0.0110365479880548,-0.0118436636399526,0.00819401245903299,0.00288689680713521
2010-12-03 09:00:00,0.00839230178011957,0.0301815377269865,0.030216938729694,0.0364717646503697,-0.0046311481854786,0.0311626048741511,-0.0227703030940316,0.00822344996559818
2010-12-10 09:00:00,0.0408632739039874,0.0218372944675863,-0.0108539069421197,0.0169155384682287,0.00528014589640549,0.0151104223169314,0.025752851587056,0.0298831280075819
2010-12-17 09:00:00,0.0255200050779153,0.00736149798385703,0.0382706484640766,0.00990706036292516,0.0233208413675174,0.0162213740458015,0.00929863103211378,-0.00230083628960211
2010-12-24 09:00:00,-0.0187272796418394,-0.00928727623610111,-0.00653076962423674,0.0134596533391728,0.0146106833008017,0.00338028169014071,-0.0221075613319801,-0.0378379629426411
2010-12-30 09:00:00,0.0171136938331758,-0.0126615472069443,0.00420631851525195,0.00593506930678463,0.00875211929812872,0.0256410256410258,-0.00852733180784997,0.00296157453504709
2011-01-07 09:00:00,0.0137429446334732,0.036567100867051,0.0243859030218826,-0.00955136701644737,0.0311612972092994,0.0118613138686132,0.00188163076485993,-0.0225183525758262
2011-01-14 09:00:00,0.00268302561272136,0.00433656676314549,0.0128454745638056,-0.0100011141569667,0.0218889663841119,0.00270513976555464,-2.21141528332844e-05,-0.0240059407713905
2011-01-21 09:00:00,-0.0150645146893907,-0.011482508395341,-0.0168259116396145,-0.030406996803586,-0.0434042011797817,-0.0196043165467625,0.00453980185737187,0.0232396864903911
2011-01-28 09:00:00,0.023814340846816,0.0417716397249223,0.0176180389752901,0.028855165098378,-0.00687231712575749,0.0229315721885892,0.000882768658226764,0.0255866579725735
2011-02-01 09:00:00,-0.0296934130868032,-0.0144134573987702,-0.0171712217889639,-0.018224157339634,-0.00937869470202286,-0.0172166427546628,-0.0124767703321403,-0.0251147183847803
2011-02-11 09:00:00,-0.0462816067316857,-0.0788093660172024,-0.041688451153659,-0.0474930110211778,-0.0639837597877773,-0.052007299270073,0.00572569253838723,0.0126021530560915
2011-02-18 09:00:00,0.0128522987330686,0.0154674718500453,0.0186222272396898,0.00529642748500036,0.0288411924123424,0.0229066410009624,-0.0100543422678938,-0.0204888936792737
2011-02-25 09:00:00,-0.0269474391617549,-0.0251656824667834,-0.00845545314110817,-0.0278506853097443,-0.0253745345146288,-0.0265336846066994,-0.000413754555055525,-0.00697290464712605
2011-03-04 09:00:00,0.0185212064992256,0.0197549331741622,0.0247255555277747,0.00839209024489458,0.0356445628310341,0.0243572395128553,-0.00583603301362967,-0.0219233563318085
2011-03-11 09:00:00,-0.0181071987039914,-0.012922319279852,-0.0114677478782099,-0.0451996552728922,-0.0426353285550954,-0.0279297980751084,0.00982259937111702,0.019128129851104
2011-03-18 09:00:00,0.0518346621121703,-0.00677938557670057,0.0174465451860996,0.0329668141653973,-0.0197105109965739,0.0213550766841391,0.0304795854280313,0.0661451731087442
2011-03-25 09:00:00,0.0325255204497256,0.0217420714896897,0.0390917580785669,0.0311489282101635,0.0327038327495794,0.0401064436418932,-0.0075809231921676,-0.00557831229985384
2011-04-01 09:00:00,0.0438015546011188,0.0401272391187805,0.0329720445822208,0.0103893150979416,0.0305810173835486,0.0310672514619883,0.0127343031391305,0.00752053721757017
2011-04-08 09:00:00,0.00101699455120202,0.0178188383576358,-0.011577385623098,0.0188747240416939,0.00617491167917147,-0.000708968450904068,0.00172596300210609,-0.0102579171279694
2011-04-15 09:00:00,0.0261464451432666,0.00178045649981437,-0.00101953895908729,-0.0109462200159866,-0.000750843503737485,0.00496630010642085,0.0211801450368457,0.0220972886470041
2011-04-22 09:00:00,0.041440709420328,0.0528274239449316,0.0168182645101516,0.0173135291927791,0.0304589137431757,0.0319449346981999,0.00949577472212811,0.00588179567715234
2011-04-29 09:00:00,-0.001630722883041,0.0174202510344057,-0.00852740538378431,-0.0141593900868621,-0.00673726530286143,-0.0049598084487773,0.0033290855657363,0.000306542419820425
2011-05-06 09:00:00,-0.0606180737998867,-0.0308080782692482,0.00668884049167193,-0.050298144153959,-0.0247142112215661,-0.0233757304915777,-0.0372423433083089,-0.0413038625783206
2011-05-13 09:00:00,0.0049237741264133,-0.00797188170222589,-0.00971097489713754,-0.0224177056317952,-0.0106081145811161,-0.0165434706089407,0.021467244735354,0.0107318887075294
2011-05-20 09:00:00,0.00131281148676968,0.00391497049092677,0.00737455665493723,-0.00990128552032501,-0.00969808191442761,-0.00322118826055828,0.00453399974732797,0.0059108934011973
2011-05-27 09:00:00,-0.0264017728919731,0.000836526591154153,-0.00563402367734,-0.0141575285306077,-0.0115263075912985,-0.00341113105924595,-0.0229906418327272,-0.0196754653006746
2011-06-03 09:00:00,0.0286994877065304,0.00134295654706748,0.0190932741697928,-0.00200886164496672,-0.0244357114853199,0.006665465681859,0.0220340220246714,0.0483351991918504
2011-06-10 09:00:00,-0.00680327320645677,-0.0412926232920131,-0.0530077776994028,-0.0344147758258721,-0.0281543823713103,-0.0338224767358625,0.0270192035294057,0.0162511091648536
2011-06-17 09:00:00,5.91296474443826e-06,0.00738726815316516,-0.019822514755385,-0.0129854582605847,-0.0224535751121113,-0.0101870716799407,0.0101929846446851,0.0179594880768557
2011-06-24 09:00:00,0.0322476961131411,-0.00281222073248911,0.0283874548373923,0.0250989584586189,0.0322857059247291,0.0327470059880239,-0.000499309874882829,-0.00543800981158799
2011-07-01 09:00:00,0.0202543097521753,0.0155672740382798,0.0140592622221204,0.0122365395803171,0.000294735457862639,0.0161261098025005,0.00412819994967483,0.0151595742943127
2011-07-08 09:00:00,0.024770527503207,0.0290176148612757,0.0122867187767169,-0.00402546155691557,0.0322656491466248,0.0279957203994294,-0.00322519289622246,-0.0119951216434178
2011-07-15 09:00:00,-0.0366417347734066,-0.0145237732610554,-0.0106711736560674,-0.0186235442023026,-0.0217139387581222,-0.0261925411968777,-0.0104491935765289,-0.0203277960152845
2011-07-22 09:00:00,0.00453069558895654,0.0328845554304376,-0.00391136948048409,0.0052919765779135,0.01632802331444,0.0121125757035982,-0.00758188011464171,-0.0165973277254835
2011-07-29 09:00:00,-0.0196405541415433,-0.0243777441480837,-0.0202125007023308,-0.0247158604040329,-0.0343351387621117,-0.0209433298134462,0.0013027756719029,0.0101945846205684
2011-08-05 09:00:00,-0.112064431248489,-0.0898948638578788,-0.0701069476286968,-0.0998556323977442,-0.0852003212340048,-0.0958116124393312,-0.0162528188091581,-0.0313641100144846
2011-08-12 09:00:00,-0.0727271737753095,-0.0624431264127311,-0.0812088424559907,-0.0811017530180066,-0.103451440335376,-0.08389662027833,0.0111694465030205,0.0256242665600669
2011-08-19 09:00:00,-0.0285773530609075,-0.0395682137220821,-0.00282417464939476,-0.0249513205417614,-0.00658505306046988,-0.0340711805555556,0.00549382749464805,-0.0270923000004376
2011-08-26 09:00:00,-0.00538891832654775,0.00556335401107747,-0.00738854759602171,0.00795841166845642,0.082078536713176,0.0274095708829476,-0.0327984892094954,-0.0919674550397237
2011-09-02 09:00:00,0.0506999004868229,0.045568821813765,0.049976413025471,0.0393667124342468,0.0331879238689736,0.0459217144106714,0.0047781860761515,0.0133119766178493
2011-09-09 09:00:00,-0.0260294618673587,-0.0396774670925878,-0.0364913318498177,-0.0617997255934889,-0.0394215083850892,-0.0232071921388251,-0.00282226972853361,0.0079920465177305
2011-09-16 09:00:00,0.0252435467024902,0.031105212447677,0.0136616704956891,0.0280938510284923,-0.00182840809839653,0.0231164383561644,0.0021271083463258,0.0213719548008867
2011-09-23 09:00:00,-0.106811919363903,-0.0911853587756661,-0.0873323877844309,-0.0817274182322326,-0.066539256869326,-0.0841004184100418,-0.0227115009538612,-0.045072662494577
2011-09-30 09:00:00,0.0429660301096272,0.0420332960724448,0.0871261256217928,0.0572521094731204,0.00936554212082662,0.0452261306532664,-0.00226010054363917,0.0285004879888006
2011-10-07 09:00:00,-0.0222989779140279,0.0144072189700537,-0.0057668091367422,-0.0105231840394507,-0.00480002133968662,0.00458916083916083,-0.0268881387531887,-0.0222989565743413
2011-10-14 09:00:00,0.0427050190374643,0.0338713153633777,0.0395573858465246,0.0332120672118707,0.0397826001422099,0.0467696323689362,-0.00406461333147189,-0.00217758110474564
2011-10-21 09:00:00,-0.0118599853402221,0.0118377392119939,0.00561634588504936,-0.00139998169940117,-0.012717121953777,-0.00332502078137986,-0.00853496455884219,-0.00364286338644508
2011-10-28 09:00:00,0.0459701753048521,0.05395671695453,0.0571739736957184,0.0482538447671717,0.0227441096861747,0.0544203502919098,-0.00845017498705769,0.0175260656186775
2011-11-04 09:00:00,-0.0250496000687462,-0.00490955067561873,-0.00777227723538553,0.00391730548060394,-0.00763566142335664,-0.00138421989321735,-0.0236653801755288,-0.0225139386453895
2011-11-11 09:00:00,-0.011293323656225,-0.0387313589500898,-0.0560077836545466,-0.0416928780599713,-0.052685155211082,-0.0443564356435643,0.0330631119873392,0.036291831554857
2011-11-18 09:00:00,-0.0180860812661318,-0.0216960777550012,-0.0153297405962964,-0.0360551744278752,-0.00187195544726699,-0.0111893907998343,-0.00689669046629756,-0.0213141258188648
2011-11-25 09:00:00,-0.0354560901106205,-0.0387880853844249,-0.0182139132821668,-0.023958911335753,-0.0524853668791492,-0.037929589270746,0.00247349916012549,0.0122292767685287
2011-12-02 09:00:00,0.0939906651805214,0.111314885702498,0.0986650554429827,0.0652140252620183,0.0376253065050694,0.0969287736876498,-0.00293810850712843,0.0509653586754521
2011-12-09 09:00:00,-0.0310532645506836,-0.0363562154854061,-0.0326189103560343,-0.0381323351175969,-0.0346389243741877,-0.0341540905480541,0.00310082599737051,-0.000914340176495905
2011-12-16 09:00:00,-0.0261094482035762,-0.00980843481545396,-0.0134441816429475,-0.037501147574695,-0.0452094972667774,-0.0215871710526315,-0.00452227715094468,0.0146000490632012
2011-12-23 09:00:00,0.0112563650974651,0.030283774893404,0.00631765210547284,-0.00419589335283417,0.00868824408376581,0.0216432023534356,-0.0103868372559706,-0.00223187898630075
2011-12-29 09:00:00,-0.0369485331585911,-0.0333381836012224,-0.0337141158159373,-0.036659819453623,-0.028269683427978,-0.018510900863842,-0.0184376322947492,-0.0134788497306131
2012-01-06 09:00:00,0.00956011728872962,-0.0148591479595157,0.00775162173320957,0.0258055619718153,0.0339733286201563,0.0138306789606035,-0.00427056167187391,-0.0295132113314266
2012-01-13 09:00:00,0.0364536432905355,0.00809900500918397,-0.00737977061496477,0.0289494782823022,0.00692246214294814,0.0198429102935096,0.0166107329970259,0.0244311811475873
2012-01-20 09:00:00,0.0484696809304405,0.0481240401269663,0.0397611082903073,0.0384399369907095,0.0371812903254818,0.0425618159708148,0.00590786495962575,0.00678839060495874
2012-01-27 09:00:00,0.0234636998470461,0.0158932722330617,0.0095035929879376,-0.000808342595465059,-0.0162947249663135,0.0116640746500778,0.0117996251969683,0.0352584248133595
2012-02-03 09:00:00,-0.00496298772982208,0.00991098819891796,0.00945155662698755,0.00837804578614936,0.0162633504264325,0.000960799385088418,-0.00592378711491049,-0.0257263381562546
2012-02-10 09:00:00,0.0116865871022709,0.0131271926800738,0.0235616809300011,-0.0109051921972083,0.0202249567886318,0.00614321366865056,0.00554337343362034,-0.0130383696863609
2012-02-17 09:00:00,0.0136492330078113,0.000947405095071864,-0.00297842937010753,-0.0248642431819054,-0.0167854236555371,0.0200343445907269,-0.00638511158291563,0.0253346566633484
2012-02-24 09:00:00,-0.0256817053329579,0.00911793300683915,0.00367787745528821,0.00675105042467702,-0.0185410780895843,-0.00448933782267114,-0.0211923675102867,-0.0119406272433735
2012-03-02 09:00:00,0.00816490081070683,-0.00208636771613983,0.00603057305309095,0.00931262192178206,0.0269456310187944,0.0069522735813603,0.00121262722934653,-0.0232807302080876
2012-03-09 09:00:00,-0.0211136805097462,-0.00918495735317577,-0.0117814535699935,-0.0206997901376165,-0.0139077970260929,-0.00149281582384764,-0.0196208646858986,-0.0126058834836533
2012-03-16 09:00:00,0.00642254320178708,-0.0187123957453723,0.0126234578839392,0.012006633156192,0.0360712470621516,0.0147635955896093,-0.00834105238782219,-0.0347487038603645
2012-03-23 09:00:00,-0.00444498774578308,-0.0109288989528741,0.00474084826354289,-0.0286356410200544,0.00174386718304731,-0.00662983425414365,0.00218484650836057,-0.0106888549288304
2012-03-30 09:00:00,-0.0211796300133973,-0.0162674014144518,-0.0106087678507366,-0.0204483205662353,0.00336329815112573,-0.00723025583982195,-0.0139493741735754,-0.0296429281645231
2012-04-06 09:00:00,-0.00666486547554458,-0.0122451491217741,-0.00397328516036064,0.00288158658056147,-0.00231338617668462,0.0145658263305322,-0.0212306918060767,-0.00825147929885996
2012-04-13 09:00:00,0.00273015182345939,0.00430458024379599,0.00751613578397906,-0.0104083022613779,-0.00419723188171489,-0.0128842260261366,0.015614377849596,0.00242738370517428
2012-04-20 09:00:00,-0.0280504507774821,-0.0125430314097354,-0.0332444556184318,-0.00532163125462172,-0.0445251128138764,-0.019019205668469,-0.00903124510901309,0.0110746620363943
2012-04-27 09:00:00,-0.00714114336943772,-0.0353218292523604,0.00629652581714492,-0.0227810821240326,-0.0153747248403871,0.00304124691123375,-0.0101823902806715,0.0028335814709494
2012-05-04 09:00:00,0.00613848332352777,-0.00319563641934268,0.0332705770149454,0.00651446075698784,-0.00451969933807483,0.00435853704756473,0.00177994627596304,0.0058581826616026
2012-05-11 09:00:00,-0.0516165804943725,-0.0459447025294857,-0.057664469435956,-0.0358892040799541,-0.0399528374677388,-0.0433962264150943,-0.00822035407927822,-0.0167637430266337
2012-05-18 09:00:00,-0.0679459865045704,-0.0489317562698786,-0.0659685050713856,-0.0524957833758892,-0.0646942260662674,-0.0672583826429981,-0.000687603861572295,-0.00805176043830296
2012-05-25 09:00:00,0.0214800081789908,0.0126903187761368,0.0202216101842857,0.0191413145822721,0.00826211731995566,0.0200888137026856,0.00139119447630528,0.00781789085903519
2012-06-01 09:00:00,-0.00148336016846039,0.00577785337505704,-0.00345057193219955,0.000222241993781748,0.00356846827224928,0.00725538971807627,-0.00873874988653666,-0.0101518284407097
2012-06-08 09:00:00,-0.00493102462764621,0.00505347030406872,-0.00732170423452997,0.00969920255140554,0.0148363010415546,0.00411607326610408,-0.00904709789375029,-0.0248673256692008
2012-06-15 09:00:00,0.0158192836665863,-0.00454435081958206,0.00553526794191868,0.0317900290546552,0.0288798731098424,0.0202910432465671,-0.00447175957998077,-0.0184605894432561
2012-06-22 09:00:00,0.00088433544747727,-0.0149913703905421,-0.00586281771429091,-0.0381356173718208,0.0132084641796809,-0.0158698272398554,0.0167541626873327,-0.0165241287322037
2012-06-29 09:00:00,0.00690749381389895,0.00308389504611888,-0.00559603538877343,2.25755800333594e-05,0.0185057776726181,0.00306184935701159,0.00384564445688736,-0.0166982838587191
2012-07-06 09:00:00,0.0134938957421878,0.00354907125259836,0.00651237285223118,-0.00329674546254406,-0.00490019740522693,-0.000814000814000737,0.0143078965561886,0.0138940931474148
2012-07-13 09:00:00,-0.0254940904606308,-0.0205612861143322,-0.0381949177726988,-0.0213930602526935,-0.0412535825037022,-0.0276985743380855,0.00220448387745478,0.0109594920430715
2012-07-20 09:00:00,0.001208947720508,-0.0289336279889651,0.0110828607294763,-0.0141737857511681,-0.00449212104682504,0.0104733975701718,-0.00926444984966385,1.06876733303859e-06
2012-07-27 09:00:00,0.0113783592895676,-0.0079717227356163,0.00648676652159346,-0.0133737564270696,0.00949770220251503,0.00559701492537323,0.00578134436419433,-0.00291934291294746
2012-08-03 09:00:00,0.0121161830902769,0.000301995889612441,0.0307028524024908,0.00356323425286238,0.00181028998320101,0.0144300144300145,-0.00231383133973755,0.0058058931070759
2012-08-10 09:00:00,0.0393974947581057,0.0339598885981259,0.0161393198638393,0.0580399640613671,0.0715664759669577,0.0575086364560047,-0.018111141697899,-0.036668981208852
2012-08-17 09:00:00,0.00424349122413462,0.000331434599146631,0.0124929395819837,-0.00703918382965831,0.0061278587765703,0,0.00424349122413462,-0.00608436755243567
2012-08-24 09:00:00,0.000991306813386973,-0.0113458823214913,-0.0245385512719085,-0.0209152081215648,-0.0379654529831428,-0.0205611068408916,0.0215524136542786,0.0335567597965298
2012-08-31 09:00:00,0.0132081766293124,0.00858834895235871,-0.0127004334868861,-0.0185410700087486,-0.00367696246461071,-0.0186384147537767,0.0318465913830891,0.0123851390939231
2012-09-07 09:00:00,0.0267692273757365,0.0123433724138918,0.00151942088934387,0.00995745866490742,0.022773965887886,0.0163934426229508,0.0103757847527857,9.52614878505084e-05
2012-09-14 09:00:00,0.0241168884576758,0.0278769402464816,0.0367490987055077,0.0330703998186847,0.0229516926469547,0.0487804878048781,-0.0246635993472023,-0.0036348041892789
2012-09-21 09:00:00,-0.00647400664480615,-0.00555481835109689,-0.0158401191405747,-0.00692984688909852,-0.00352041283491792,-0.0058139534883721,-0.000660053156434047,-0.00715359380988823
2012-09-28 09:00:00,-0.00853789164025607,-0.0140670830014528,-0.00345100207227327,-0.0207656163111732,-0.0245318827446288,-0.00320694208639882,-0.00533094955385724,0.0108939911043727
2012-10-05 09:00:00,0.0120380100932939,-0.00315698809273682,-0.0123936953138724,-0.0146809675700152,-0.0117938871845497,-0.000378501135503306,0.0124165112287972,0.0190318972778436
2012-10-12 09:00:00,-0.0404506204802158,-0.0400296783626254,-0.0368187459362227,-0.0244223645594416,-0.0247979391184661,-0.040514956455888,6.43359756722015e-05,-0.0204526813617497
2012-10-19 09:00:00,0.0154746883386766,0.0154938619636575,-0.00220358549671029,0.0090285653226088,0.0165208946239278,0.00927387529597468,0.0062008130427019,-0.00614620628525125
2012-10-26 09:00:00,-0.0070281013823955,-0.0285235983255802,-0.0242921991250442,-0.0293269505340547,-0.0574172841414867,-0.03069403714565,0.0236659357632545,0.0449891827590912
2012-11-02 09:00:00,0.0207623844338654,0.0126073502352575,0.00724904117474158,0.0215602455954198,0.0146559604107057,0.0153287615974183,0.00543362283644711,0.00130642402315965
2012-11-09 09:00:00,0.0158418669303522,0.0128126651976436,-0.0450429324436209,-0.0238457599380821,-0.00814168759248971,-0.00953516090584017,0.0253770278361924,0.0197835545228419
2012-11-16 09:00:00,-0.0234703372952376,-0.0262068495195367,-0.0315141956753958,-0.0183392133791453,-0.00661378481184592,-0.0226634576815082,-0.000806879613729349,-0.0216565524833917
2012-11-23 09:00:00,-0.009508025662231,0.0388808965498571,0.00419495999753177,0.00187385393877064,0.0224889114730005,0.0338600451467268,-0.0433680708089578,-0.0367969371352315
2012-11-30 09:00:00,0.0196365332728849,-0.00266239982208547,0.0152696672828404,0.0208293294528195,0.0305015281001972,0.0140928940055578,0.00554363926732706,-0.0150649948273123
2012-12-07 09:00:00,0.0167521385759023,0.011135821867952,-0.0106596329852887,-0.000269576065135456,-0.00273819147665043,0.0152671755725191,0.00148496300338315,0.0149903300525527
2012-12-14 09:00:00,0.0224014128087415,0.024940715481395,0.00296016215440378,0.0143900677396617,0.0144913119714778,0.0198573356468092,0.00254407716193227,0.0037101008372637
2012-12-21 09:00:00,0.00300176651421393,0.0153131579408326,-0.0104815541582329,0.00736603099465519,-0.00256424411173199,-0.00586011342155013,0.00886187993576406,0.00136601062594593
2012-12-28 09:00:00,-0.0119332715344883,0.00662396828586205,-0.0149697517695993,-0.00417546939101847,-0.0101152993702201,0.0119794637763835,-0.0239127353108718,-0.0060179721642682
2013-01-04 09:00:00,-0.0120626377241449,0.0147377080558859,0.00989822770253903,0.0232648244846599,0.0335900715600925,0.00751597143930849,-0.0195786091634534,-0.0486527092842374
